[
{
    "fields": {
      "date_joined": "2026-01-01T00:00:00-09:00",
      "last_login": "2026-01-01T00:00:00-09:00",
      "email": "xia+202@localhost.localdomain",
      "first_name": "Xia202",
      "is_active": true,
      "is_staff": false,
      "is_superuser": false,
      "last_name": "ProfilesCard2",
      "password": "pbkdf2_sha256$10000$z0MBiWn0Rlem$iZdC6uHomlE07qGK/TqfcfxNzKJtFp03c0JILF1frRc=",
      "username": "xia202"
    },
    "model": "auth.User", "pk": 202
},
{
    "fields": {
      "last_signed": "2026-01-01T00:00:00+00:00",
      "agreement": 1,
      "user": 202
    },
    "model": "saas.signature", "pk": 202
},
{
    "fields": {
      "slug": "org202",
      "full_name": "Org 202",
      "created_at": "2026-01-01T00:00:00+00:00",
      "email": "org202@localhost.localdomain",
      "is_active": 1
    },
    "model": "saas.Organization", "pk": 202
},

{
    "fields": {
      "date_joined": "2026-01-01T00:00:00-09:00",
      "last_login": "2026-01-01T00:00:00-09:00",
      "email": "xia+203@localhost.localdomain",
      "first_name": "Xia203",
      "is_active": true,
      "is_staff": false,
      "is_superuser": false,
      "last_name": "ProfilesCard2",
      "password": "pbkdf2_sha256$10000$z0MBiWn0Rlem$iZdC6uHomlE07qGK/TqfcfxNzKJtFp03c0JILF1frRc=",
      "username": "xia203"
    },
    "model": "auth.User", "pk": 203
},
{
    "fields": {
      "last_signed": "2026-01-01T00:00:00+00:00",
      "agreement": 1,
      "user": 203
    },
    "model": "saas.signature", "pk": 203
},
{
    "fields": {
      "slug": "org203",
      "full_name": "Org 203",
      "created_at": "2026-01-01T00:00:00+00:00",
      "email": "org203@localhost.localdomain",
      "is_active": 1
    },
    "model": "saas.Organization", "pk": 203
},
{
    "fields": {
      "created_at": "2026-01-01T00:00:00+00:00",
      "role_description": 2,
      "organization": 203, "user": 203}, "model": "saas.Role", "pk": 203
},

{
    "fields": {
      "date_joined": "2026-01-01T00:00:00-09:00",
      "last_login": "2026-01-01T00:00:00-09:00",
      "email": "xia+204@localhost.localdomain",
      "first_name": "Xia204",
      "is_active": true,
      "is_staff": false,
      "is_superuser": false,
      "last_name": "ProfilesCard2",
      "password": "pbkdf2_sha256$10000$z0MBiWn0Rlem$iZdC6uHomlE07qGK/TqfcfxNzKJtFp03c0JILF1frRc=",
      "username": "xia204"
    },
    "model": "auth.User", "pk": 204
},
{
    "fields": {
      "last_signed": "2026-01-01T00:00:00+00:00",
      "agreement": 1,
      "user": 204
    },
    "model": "saas.signature", "pk": 204
},
{
    "fields": {
      "slug": "org204",
      "full_name": "Org 204",
      "created_at": "2026-01-01T00:00:00+00:00",
      "email": "org204@localhost.localdomain",
      "is_active": 1
    },
    "model": "saas.Organization", "pk": 204
},
{
    "fields": {
      "created_at": "2026-01-01T00:00:00+00:00",
      "role_description": 2,
      "grant_key": "2040000000ed0123456789012345678901234578",
      "organization": 204, "user": 204}, "model": "saas.Role", "pk": 204
},

{
    "fields": {
      "date_joined": "2026-01-01T00:00:00-09:00",
      "last_login": "2026-01-01T00:00:00-09:00",
      "email": "xia+205@localhost.localdomain",
      "first_name": "Xia205",
      "is_active": true,
      "is_staff": false,
      "is_superuser": false,
      "last_name": "ProfilesCard2",
      "password": "pbkdf2_sha256$10000$z0MBiWn0Rlem$iZdC6uHomlE07qGK/TqfcfxNzKJtFp03c0JILF1frRc=",
      "username": "xia205"
    },
    "model": "auth.User", "pk": 205
},
{
    "fields": {
      "last_signed": "2026-01-01T00:00:00+00:00",
      "agreement": 1,
      "user": 205
    },
    "model": "saas.signature", "pk": 205
},
{
    "fields": {
      "slug": "org205",
      "full_name": "Org 205",
      "created_at": "2026-01-01T00:00:00+00:00",
      "email": "org205@localhost.localdomain",
      "is_active": 1
    },
    "model": "saas.Organization", "pk": 205
},
{
    "fields": {
      "created_at": "2026-01-01T00:00:00+00:00",
      "role_description": 2,
      "request_key": "2050000000ed0123456789012345678901234578",
      "organization": 205, "user": 205}, "model": "saas.Role", "pk": 205
},

{
    "fields": {
      "date_joined": "2026-01-01T00:00:00-09:00",
      "last_login": "2026-01-01T00:00:00-09:00",
      "email": "xia+206@localhost.localdomain",
      "first_name": "Xia206",
      "is_active": true,
      "is_staff": false,
      "is_superuser": false,
      "last_name": "ProfilesCard2",
      "password": "pbkdf2_sha256$10000$z0MBiWn0Rlem$iZdC6uHomlE07qGK/TqfcfxNzKJtFp03c0JILF1frRc=",
      "username": "xia206"
    },
    "model": "auth.User", "pk": 206
},
{
    "fields": {
      "last_signed": "2026-01-01T00:00:00+00:00",
      "agreement": 1,
      "user": 206
    },
    "model": "saas.signature", "pk": 206
},
{
    "fields": {
      "slug": "org206",
      "full_name": "Org 206",
      "created_at": "2026-01-01T00:00:00+00:00",
      "email": "org206@localhost.localdomain",
      "is_active": 1
    },
    "model": "saas.Organization", "pk": 206
},
{
    "fields": {
      "created_at": "2026-01-01T00:00:00+00:00",
      "role_description": null,
      "request_key": "2060000000ed0123456789012345678901234578",
      "organization": 206, "user": 206}, "model": "saas.Role", "pk": 206
},

{
    "fields": {
      "slug": "org207",
      "full_name": "Org 207",
      "created_at": "2026-01-01T00:00:00+00:00",
      "email": "org207@localhost.localdomain",
      "is_active": 1
    },
    "model": "saas.Organization", "pk": 207
},

{
    "fields": {
      "date_joined": "2026-01-01T00:00:00-09:00",
      "last_login": "2026-01-01T00:00:00-09:00",
      "email": "xia+208@localhost.localdomain",
      "first_name": "Xia208",
      "is_active": true,
      "is_staff": false,
      "is_superuser": false,
      "last_name": "ProfilesCard2",
      "password": "pbkdf2_sha256$10000$z0MBiWn0Rlem$iZdC6uHomlE07qGK/TqfcfxNzKJtFp03c0JILF1frRc=",
      "username": "xia208"
    },
    "model": "auth.User", "pk": 208
},
{
    "fields": {
      "last_signed": "2026-01-01T00:00:00+00:00",
      "agreement": 1,
      "user": 208
    },
    "model": "saas.signature", "pk": 208
},
{
    "fields": {
      "slug": "org208",
      "full_name": "Org 208",
      "created_at": "2026-01-01T00:00:00+00:00",
      "email": "org208@localhost.localdomain",
      "is_active": 1
    },
    "model": "saas.Organization", "pk": 208
},

{
    "fields": {
      "date_joined": "2026-01-01T00:00:00-09:00",
      "last_login": "2026-01-01T00:00:00-09:00",
      "email": "xia+209@localhost.localdomain",
      "first_name": "Xia209",
      "is_active": true,
      "is_staff": false,
      "is_superuser": false,
      "last_name": "ProfilesCard2",
      "password": "pbkdf2_sha256$10000$z0MBiWn0Rlem$iZdC6uHomlE07qGK/TqfcfxNzKJtFp03c0JILF1frRc=",
      "username": "xia209"
    },
    "model": "auth.User", "pk": 209
},
{
    "fields": {
      "last_signed": "2026-01-01T00:00:00+00:00",
      "agreement": 1,
      "user": 209
    },
    "model": "saas.signature", "pk": 209
},
{
    "fields": {
      "slug": "org209",
      "full_name": "Org 209",
      "created_at": "2026-01-01T00:00:00+00:00",
      "email": "org209@localhost.localdomain",
      "is_active": 1
    },
    "model": "saas.Organization", "pk": 209
},
{
    "fields": {
      "created_at": "2026-01-01T00:00:00+00:00",
      "role_description": 1,
      "grant_key": "2090000000ed0123456789012345678901234578",
      "organization": 209, "user": 209}, "model": "saas.Role", "pk": 209
},

{
    "fields": {
      "slug": "org210",
      "full_name": "Org 210",
      "created_at": "2026-01-01T00:00:00+00:00",
      "email": "org210@localhost.localdomain",
      "is_active": 1
    },
    "model": "saas.Organization", "pk": 210
},

{
    "fields": {
      "date_joined": "2026-01-01T00:00:00-09:00",
      "last_login": "2026-01-01T00:00:00-09:00",
      "email": "xia+220@localhost.localdomain",
      "first_name": "Xia220",
      "is_active": true,
      "is_staff": false,
      "is_superuser": false,
      "last_name": "RolesCard9",
      "password": "pbkdf2_sha256$10000$z0MBiWn0Rlem$iZdC6uHomlE07qGK/TqfcfxNzKJtFp03c0JILF1frRc=",
      "username": "xia220"}, "model": "auth.User", "pk": 220
},
{
    "fields": {
      "last_signed": "2026-01-01T00:00:00+00:00",
      "agreement": 1,
      "user": 220
    },
    "model": "saas.signature", "pk": 220
},
{
    "fields": {
      "date_joined": "2026-01-01T00:00:00-09:00",
      "last_login": "2026-01-01T00:00:00-09:00",
      "email": "xia+221@localhost.localdomain",
      "first_name": "Xia221",
      "is_active": true,
      "is_staff": false,
      "is_superuser": false,
      "last_name": "RolesCard10",
      "password": "pbkdf2_sha256$10000$z0MBiWn0Rlem$iZdC6uHomlE07qGK/TqfcfxNzKJtFp03c0JILF1frRc=",
      "username": "xia221"}, "model": "auth.User", "pk": 221
},
{
    "fields": {
      "last_signed": "2026-01-01T00:00:00+00:00",
      "agreement": 1,
      "user": 221
    },
    "model": "saas.signature", "pk": 221
},
{
    "fields": {
      "date_joined": "2026-01-01T00:00:00-09:00",
      "last_login": "2026-01-01T00:00:00-09:00",
      "email": "xia+222@localhost.localdomain",
      "first_name": "Xia222",
      "is_active": true,
      "is_staff": false,
      "is_superuser": false,
      "last_name": "RolesCard10",
      "password": "pbkdf2_sha256$10000$z0MBiWn0Rlem$iZdC6uHomlE07qGK/TqfcfxNzKJtFp03c0JILF1frRc=",
      "username": "xia222"}, "model": "auth.User", "pk": 222
},
{
    "fields": {
      "last_signed": "2026-01-01T00:00:00+00:00",
      "agreement": 1,
      "user": 222
    },
    "model": "saas.signature", "pk": 222
},

{
    "fields": {
      "date_joined": "2026-01-01T00:00:00-09:00",
      "last_login": "2026-01-01T00:00:00-09:00",
      "email": "xia+223@localhost.localdomain",
      "first_name": "Xia223",
      "is_active": true,
      "is_staff": false,
      "is_superuser": false,
      "last_name": "RolesCard12",
      "password": "pbkdf2_sha256$10000$z0MBiWn0Rlem$iZdC6uHomlE07qGK/TqfcfxNzKJtFp03c0JILF1frRc=",
      "username": "xia223"}, "model": "auth.User", "pk": 223
},
{
    "fields": {
      "last_signed": "2026-01-01T00:00:00+00:00",
      "agreement": 1,
      "user": 223
    },
    "model": "saas.signature", "pk": 223
},
{
    "fields": {
      "slug": "org223",
      "full_name": "Org223",
      "created_at": "2026-01-01T00:00:00+00:00",
      "email": "org223@localhost.localdomain",
      "is_active": 1
    },
    "model": "saas.Organization", "pk": 223
},
{
    "fields": {
      "created_at": "2026-01-01T00:00:00+00:00",
      "role_description": 1,
      "organization": 223, "user": 223}, "model": "saas.Role", "pk": 223
},

{
    "fields": {
      "date_joined": "2026-01-01T00:00:00-09:00",
      "last_login": "2026-01-01T00:00:00-09:00",
      "email": "xia+224@localhost.localdomain",
      "first_name": "Xia224",
      "is_active": true,
      "is_staff": false,
      "is_superuser": false,
      "last_name": "RolesCard12",
      "password": "pbkdf2_sha256$10000$z0MBiWn0Rlem$iZdC6uHomlE07qGK/TqfcfxNzKJtFp03c0JILF1frRc=",
      "username": "xia224"}, "model": "auth.User", "pk": 224
},
{
    "fields": {
      "last_signed": "2026-01-01T00:00:00+00:00",
      "agreement": 1,
      "user": 224
    },
    "model": "saas.signature", "pk": 224
},
{
    "fields": {
      "slug": "org224",
      "full_name": "Org224",
      "created_at": "2026-01-01T00:00:00+00:00",
      "email": "org224@localhost.localdomain",
      "is_active": 1
    },
    "model": "saas.Organization", "pk": 224
},
{
    "fields": {
      "created_at": "2026-01-01T00:00:00+00:00",
      "role_description": 1,
      "organization": 224, "user": 224}, "model": "saas.Role", "pk": 224
},

{
    "fields": {
      "date_joined": "2026-01-01T00:00:00-09:00",
      "last_login": "2026-01-01T00:00:00-09:00",
      "email": "xia+225@localhost.localdomain",
      "first_name": "Xia225",
      "is_active": true,
      "is_staff": false,
      "is_superuser": false,
      "last_name": "RolesCard12",
      "password": "pbkdf2_sha256$10000$z0MBiWn0Rlem$iZdC6uHomlE07qGK/TqfcfxNzKJtFp03c0JILF1frRc=",
      "username": "xia225"}, "model": "auth.User", "pk": 225
},
{
    "fields": {
      "last_signed": "2026-01-01T00:00:00+00:00",
      "agreement": 1,
      "user": 225
    },
    "model": "saas.signature", "pk": 225
},
{
    "fields": {
      "slug": "org225",
      "full_name": "Org225",
      "created_at": "2026-01-01T00:00:00+00:00",
      "email": "org225@localhost.localdomain",
      "is_active": 1
    },
    "model": "saas.Organization", "pk": 225
},
{
    "fields": {
      "created_at": "2026-01-01T00:00:00+00:00",
      "role_description": 1,
      "organization": 225, "user": 225}, "model": "saas.Role", "pk": 225
},

{
    "fields": {
      "date_joined": "2026-01-01T00:00:00-09:00",
      "last_login": "2026-01-01T00:00:00-09:00",
      "email": "xia+226@localhost.localdomain",
      "first_name": "Xia226",
      "is_active": true,
      "is_staff": false,
      "is_superuser": false,
      "last_name": "RolesCard15",
      "password": "pbkdf2_sha256$10000$z0MBiWn0Rlem$iZdC6uHomlE07qGK/TqfcfxNzKJtFp03c0JILF1frRc=",
      "username": "xia226"}, "model": "auth.User", "pk": 226
},
{
    "fields": {
      "last_signed": "2026-01-01T00:00:00+00:00",
      "agreement": 1,
      "user": 226
    },
    "model": "saas.signature", "pk": 226
},
{
    "fields": {
      "slug": "xia226",
      "full_name": "Xia226",
      "created_at": "2026-01-01T00:00:00+00:00",
      "email": "xia226@localhost.localdomain",
      "is_active": 1
    },
    "model": "saas.Organization", "pk": 226
},
{
    "fields": {
      "created_at": "2026-01-01T00:00:00+00:00",
      "role_description": 1,
      "organization": 226, "user": 226}, "model": "saas.Role", "pk": 226
},
{
    "fields": {
      "slug": "org226",
      "full_name": "Org226",
      "created_at": "2026-01-01T00:00:00+00:00",
      "email": "org226@localhost.localdomain",
      "is_active": 1
    },
    "model": "saas.Organization", "pk": 227
},
{
    "fields": {
      "created_at": "2026-01-01T00:00:00+00:00",
      "role_description": 1,
      "organization": 227, "user": 226}, "model": "saas.Role", "pk": 227
},

{
    "fields": {
      "date_joined": "2026-01-01T00:00:00-09:00",
      "last_login": "2026-01-01T00:00:00-09:00",
      "email": "xia+228@localhost.localdomain",
      "first_name": "Xia228",
      "is_active": true,
      "is_staff": false,
      "is_superuser": false,
      "last_name": "RolesCard16",
      "password": "pbkdf2_sha256$10000$z0MBiWn0Rlem$iZdC6uHomlE07qGK/TqfcfxNzKJtFp03c0JILF1frRc=",
      "username": "xia228"}, "model": "auth.User", "pk": 228
},
{
    "fields": {
      "last_signed": "2026-01-01T00:00:00+00:00",
      "agreement": 1,
      "user": 228
    },
    "model": "saas.signature", "pk": 228
},
{
    "fields": {
      "slug": "xia228",
      "full_name": "Xia228",
      "created_at": "2026-01-01T00:00:00+00:00",
      "email": "xia228@localhost.localdomain",
      "is_active": 1
    },
    "model": "saas.Organization", "pk": 228
},
{
    "fields": {
      "created_at": "2026-01-01T00:00:00+00:00",
      "role_description": 1,
      "organization": 228, "user": 228}, "model": "saas.Role", "pk": 228
},
{
    "fields": {
      "slug": "org229",
      "full_name": "Org229",
      "created_at": "2026-01-01T00:00:00+00:00",
      "email": "org229@localhost.localdomain",
      "is_active": 1
    },
    "model": "saas.Organization", "pk": 229
},
{
    "fields": {
      "created_at": "2026-01-01T00:00:00+00:00",
      "role_description": 1,
      "organization": 229, "user": 228}, "model": "saas.Role", "pk": 229
},

{
    "fields": {
      "date_joined": "2026-01-01T00:00:00-09:00",
      "last_login": "2026-01-01T00:00:00-09:00",
      "email": "xia+230@localhost.localdomain",
      "first_name": "Xia230",
      "is_active": true,
      "is_staff": false,
      "is_superuser": false,
      "last_name": "RolesCard17",
      "password": "pbkdf2_sha256$10000$z0MBiWn0Rlem$iZdC6uHomlE07qGK/TqfcfxNzKJtFp03c0JILF1frRc=",
      "username": "xia230"}, "model": "auth.User", "pk": 230
},
{
    "fields": {
      "last_signed": "2026-01-01T00:00:00+00:00",
      "agreement": 1,
      "user": 230
    },
    "model": "saas.signature", "pk": 230
},
{
    "fields": {
      "slug": "org230",
      "full_name": "Org230",
      "created_at": "2026-01-01T00:00:00+00:00",
      "email": "org230@localhost.localdomain",
      "is_active": 1
    },
    "model": "saas.Organization", "pk": 230
},
{
    "fields": {
      "created_at": "2026-01-01T00:00:00+00:00",
      "role_description": 1,
      "organization": 230, "user": 230}, "model": "saas.Role", "pk": 230
},
{
    "fields": {
      "slug": "org231",
      "full_name": "Org 231",
      "created_at": "2026-01-01T00:00:00+00:00",
      "email": "org231@localhost.localdomain",
      "is_provider": 1,
      "is_active": 1
    },
    "model": "saas.Organization", "pk": 231
},
{
    "fields":{
      "title":"Org 231 Basic",
      "created_at":"2026-01-01T00:00:00+00:00",
      "setup_amount": 0,
      "period_amount": 900,
      "broker_fee_percent": 0,
      "period_type": 4,
      "is_personal": true,
      "is_active": false,
      "organization": 231, "slug":"basic231" }, "model" : "saas.Plan", "pk": 231
},
{
    "fields":{
      "created_at":"2026-01-01T00:00:00Z",
      "recorded": 0,
      "user": 230, "plan": 231}, "model": "saas.CartItem", "pk": 231
},

{
    "fields": {
      "date_joined": "2026-01-01T00:00:00-09:00",
      "last_login": "2026-01-01T00:00:00-09:00",
      "email": "xia+232@localhost.localdomain",
      "first_name": "Xia232",
      "is_active": true,
      "is_staff": false,
      "is_superuser": false,
      "last_name": "RolesCard16",
      "password": "pbkdf2_sha256$10000$z0MBiWn0Rlem$iZdC6uHomlE07qGK/TqfcfxNzKJtFp03c0JILF1frRc=",
      "username": "xia232"}, "model": "auth.User", "pk": 232
},
{
    "fields": {
      "last_signed": "2026-01-01T00:00:00+00:00",
      "agreement": 1,
      "user": 232
    },
    "model": "saas.signature", "pk": 232
},
{
    "fields": {
      "slug": "org232",
      "full_name": "Org232",
      "created_at": "2026-01-01T00:00:00+00:00",
      "email": "org232@localhost.localdomain",
      "is_active": 1
    },
    "model": "saas.Organization", "pk": 232
},
{
    "fields": {
      "created_at": "2026-01-01T00:00:00+00:00",
      "role_description": 1,
      "organization": 232, "user": 232}, "model": "saas.Role", "pk": 232
},
{
    "fields": {
      "slug": "org233",
      "full_name": "Org 233",
      "created_at": "2026-01-01T00:00:00+00:00",
      "email": "org233@localhost.localdomain",
      "is_provider": 1,
      "is_active": 1
    },
    "model": "saas.Organization", "pk": 233
},
{
    "fields":{
      "title":"Org 233 Basic",
      "created_at":"2026-01-01T00:00:00+00:00",
      "setup_amount": 0,
      "period_amount": 900,
      "broker_fee_percent": 0,
      "period_type": 4,
      "is_personal": true,
      "is_active": false,
      "organization": 233, "slug":"basic233" }, "model" : "saas.Plan", "pk": 233
},
{
    "fields":{
      "created_at":"2026-01-01T00:00:00Z",
      "recorded": 0,
      "user": 232, "plan": 233}, "model": "saas.CartItem", "pk": 233
},

{
    "fields": {
      "date_joined": "2026-01-01T00:00:00-09:00",
      "last_login": "2026-01-01T00:00:00-09:00",
      "email": "xia+234@localhost.localdomain",
      "first_name": "Xia234",
      "is_active": true,
      "is_staff": false,
      "is_superuser": false,
      "last_name": "ProfilesCard2",
      "password": "pbkdf2_sha256$10000$z0MBiWn0Rlem$iZdC6uHomlE07qGK/TqfcfxNzKJtFp03c0JILF1frRc=",
      "username": "xia234"}, "model": "auth.User", "pk": 234
},
{
    "fields": {
      "last_signed": "2026-01-01T00:00:00+00:00",
      "agreement": 1,
      "user": 234
    },
    "model": "saas.signature", "pk": 234
},
{
    "fields": {
      "slug": "org234",
      "full_name": "Org 234",
      "created_at": "2026-01-01T00:00:00+00:00",
      "email": "org234@localhost.localdomain",
      "is_provider": 1,
      "is_active": 1
    },
    "model": "saas.Organization", "pk": 234
},
{
    "fields":{
      "title":"Org 234 Basic",
      "created_at":"2026-01-01T00:00:00+00:00",
      "setup_amount": 0,
      "period_amount": 900,
      "broker_fee_percent": 0,
      "period_type": 4,
      "is_personal": true,
      "is_active": false,
      "organization": 234, "slug":"basic234" }, "model" : "saas.Plan", "pk": 234
},
{
    "fields":{
      "created_at":"2026-01-01T00:00:00Z",
      "recorded": 0,
      "user": 234, "plan": 234}, "model": "saas.CartItem", "pk": 234
},

{
    "fields": {
      "date_joined": "2026-01-01T00:00:00-09:00",
      "last_login": "2026-01-01T00:00:00-09:00",
      "email": "xia+235@localhost.localdomain",
      "first_name": "Xia235",
      "is_active": true,
      "is_staff": false,
      "is_superuser": false,
      "last_name": "ProfilesCard2",
      "password": "pbkdf2_sha256$10000$z0MBiWn0Rlem$iZdC6uHomlE07qGK/TqfcfxNzKJtFp03c0JILF1frRc=",
      "username": "xia235"}, "model": "auth.User", "pk": 235
},
{
    "fields": {
      "last_signed": "2026-01-01T00:00:00+00:00",
      "agreement": 1,
      "user": 235
    },
    "model": "saas.signature", "pk": 235
},
{
    "fields": {
      "slug": "org235",
      "full_name": "Org 235",
      "created_at": "2026-01-01T00:00:00+00:00",
      "email": "org235@localhost.localdomain",
      "is_provider": 1,
      "is_active": 1
    },
    "model": "saas.Organization", "pk": 235
},
{
    "fields":{
      "title":"Org 235 Basic",
      "created_at":"2026-01-01T00:00:00+00:00",
      "setup_amount": 0,
      "period_amount": 900,
      "broker_fee_percent": 0,
      "period_type": 4,
      "is_personal": true,
      "is_active": false,
      "organization": 235, "slug":"basic235" }, "model" : "saas.Plan", "pk": 235
},
{
    "fields":{
      "created_at":"2026-01-01T00:00:00Z",
      "recorded": 0,
      "user": 235, "plan": 235}, "model": "saas.CartItem", "pk": 235
},

{
    "fields": {
      "date_joined": "2026-01-01T00:00:00-09:00",
      "last_login": "2026-01-01T00:00:00-09:00",
      "email": "xia+236@mycompany.localdomain",
      "first_name": "Xia236",
      "is_active": true,
      "is_staff": false,
      "is_superuser": false,
      "last_name": "ProfilesCard3",
      "password": "pbkdf2_sha256$10000$z0MBiWn0Rlem$iZdC6uHomlE07qGK/TqfcfxNzKJtFp03c0JILF1frRc=",
      "username": "xia236"}, "model": "auth.User", "pk": 236
},
{
    "fields": {
      "last_signed": "2026-01-01T00:00:00+00:00",
      "agreement": 1,
      "user": 236
    },
    "model": "saas.signature", "pk": 236
},
{
    "fields": {
      "slug": "org236",
      "full_name": "Org 236",
      "created_at": "2026-01-01T00:00:00+00:00",
      "email": "org236@mycompany.localdomain",
      "is_active": 1
    },
    "model": "saas.Organization", "pk": 236
},

{
    "fields": {
      "date_joined": "2026-01-01T00:00:00-09:00",
      "last_login": "2026-01-01T00:00:00-09:00",
      "email": "xia+237@othercompany.localdomain",
      "first_name": "Xia237",
      "is_active": true,
      "is_staff": false,
      "is_superuser": false,
      "last_name": "ProfilesCard9",
      "password": "pbkdf2_sha256$10000$z0MBiWn0Rlem$iZdC6uHomlE07qGK/TqfcfxNzKJtFp03c0JILF1frRc=",
      "username": "xia237"}, "model": "auth.User", "pk": 237
},
{
    "fields": {
      "last_signed": "2026-01-01T00:00:00+00:00",
      "agreement": 1,
      "user": 237
    },
    "model": "saas.signature", "pk": 237
},
{
    "fields": {
      "slug": "org237",
      "full_name": "Org 237",
      "created_at": "2026-01-01T00:00:00+00:00",
      "email": "org237@othercompany.localdomain",
      "is_active": 1
    },
    "model": "saas.Organization", "pk": 237
},

{
    "fields": {
      "date_joined": "2026-01-01T00:00:00-09:00",
      "last_login": "2026-01-01T00:00:00-09:00",
      "email": "xia+238@localhost.localdomain",
      "first_name": "Xia238",
      "is_active": true,
      "is_staff": false,
      "is_superuser": false,
      "last_name": "ProfilesCard4",
      "password": "pbkdf2_sha256$10000$z0MBiWn0Rlem$iZdC6uHomlE07qGK/TqfcfxNzKJtFp03c0JILF1frRc=",
      "username": "xia238"}, "model": "auth.User", "pk": 238
},
{
    "fields": {
      "last_signed": "2026-01-01T00:00:00+00:00",
      "agreement": 1,
      "user": 238
    },
    "model": "saas.signature", "pk": 238
},
{
    "fields": {
      "slug": "org238",
      "full_name": "Org 238",
      "created_at": "2026-01-01T00:00:00+00:00",
      "email": "org238@localhost.localdomain",
      "is_active": 1
    },
    "model": "saas.Organization", "pk": 238
},
{
    "fields": {
      "created_at": "2026-01-01T00:00:00+00:00",
      "role_description": 1,
      "grant_key": "2380000000ed0123456789012345678901234578",
      "organization": 238, "user": 238},
    "model": "saas.Role", "pk": 238
},

{
    "fields": {
      "date_joined": "2026-01-01T00:00:00-09:00",
      "last_login": "2026-01-01T00:00:00-09:00",
      "email": "xia+239@localhost.localdomain",
      "first_name": "Xia239",
      "is_active": true,
      "is_staff": false,
      "is_superuser": false,
      "last_name": "ProfilesCard19",
      "password": "pbkdf2_sha256$10000$z0MBiWn0Rlem$iZdC6uHomlE07qGK/TqfcfxNzKJtFp03c0JILF1frRc=",
      "username": "xia239"}, "model": "auth.User", "pk": 239
},
{
    "fields": {
      "last_signed": "2026-01-01T00:00:00+00:00",
      "agreement": 1,
      "user": 239
    },
    "model": "saas.signature", "pk": 239
},
{
    "fields": {
      "slug": "org239",
      "full_name": "Org 239",
      "created_at": "2026-01-01T00:00:00+00:00",
      "email": "org239@localhost.localdomain",
      "is_active": 1
    },
    "model": "saas.Organization", "pk": 239
},
{
    "fields": {
      "created_at": "2026-01-01T00:00:00+00:00",
      "role_description": 1,
      "grant_key": "2390000000ed0123456789012345678901234578",
      "organization": 239, "user": 239}, "model": "saas.Role", "pk": 239
},

{
    "fields": {
      "date_joined": "2026-01-01T00:00:00-09:00",
      "last_login": "2026-01-01T00:00:00-09:00",
      "email": "xia+240@localhost.localdomain",
      "first_name": "Xia240",
      "is_active": true,
      "is_staff": false,
      "is_superuser": false,
      "last_name": "ProfilesCard5",
      "password": "pbkdf2_sha256$10000$z0MBiWn0Rlem$iZdC6uHomlE07qGK/TqfcfxNzKJtFp03c0JILF1frRc=",
      "username": "xia240"}, "model": "auth.User", "pk": 240
},
{
    "fields": {
      "last_signed": "2026-01-01T00:00:00+00:00",
      "agreement": 1,
      "user": 240
    },
    "model": "saas.signature", "pk": 240
},
{
    "fields": {
      "slug": "org240",
      "full_name": "Org 240",
      "created_at": "2026-01-01T00:00:00+00:00",
      "email": "org240@localhost.localdomain",
      "is_active": 1
    },
    "model": "saas.Organization", "pk": 240
},
{
    "fields": {
      "created_at": "2026-01-01T00:00:00+00:00",
      "role_description": 1,
      "request_key": "2400000000ed0123456789012345678901234578",
      "organization": 240, "user": 240}, "model": "saas.Role", "pk": 240
},

{
    "fields": {
      "date_joined": "2026-01-01T00:00:00-09:00",
      "last_login": "2026-01-01T00:00:00-09:00",
      "email": "xia+241@localhost.localdomain",
      "first_name": "Xia241",
      "is_active": true,
      "is_staff": false,
      "is_superuser": false,
      "last_name": "ProfilesCard11",
      "password": "pbkdf2_sha256$10000$z0MBiWn0Rlem$iZdC6uHomlE07qGK/TqfcfxNzKJtFp03c0JILF1frRc=",
      "username": "xia241"}, "model": "auth.User", "pk": 241
},
{
    "fields": {
      "last_signed": "2026-01-01T00:00:00+00:00",
      "agreement": 1,
      "user": 241
    },
    "model": "saas.signature", "pk": 241
},
{
    "fields": {
      "slug": "org241",
      "full_name": "Org 241",
      "created_at": "2026-01-01T00:00:00+00:00",
      "email": "org241@localhost.localdomain",
      "is_active": 1
    },
    "model": "saas.Organization", "pk": 241
},
{
    "fields": {
      "created_at": "2026-01-01T00:00:00+00:00",
      "role_description": 1,
      "request_key": "2410000000ed0123456789012345678901234578",
      "organization": 241, "user": 241}, "model": "saas.Role", "pk": 241
},

{
    "fields": {
      "date_joined": "2026-01-01T00:00:00-09:00",
      "last_login": "2026-01-01T00:00:00-09:00",
      "email": "xia+242@localhost.localdomain",
      "first_name": "Xia242",
      "is_active": true,
      "is_staff": false,
      "is_superuser": false,
      "last_name": "ProfilesCard6",
      "password": "pbkdf2_sha256$10000$z0MBiWn0Rlem$iZdC6uHomlE07qGK/TqfcfxNzKJtFp03c0JILF1frRc=",
      "username": "xia242"}, "model": "auth.User", "pk": 242
},
{
    "fields": {
      "last_signed": "2026-01-01T00:00:00+00:00",
      "agreement": 1,
      "user": 242
    },
    "model": "saas.signature", "pk": 242
},
{
    "fields": {
      "slug": "xia242",
      "full_name": "Xia242",
      "created_at": "2026-01-01T00:00:00+00:00",
      "email": "org242@localhost.localdomain",
      "is_active": 1
    },
    "model": "saas.Organization", "pk": 242
},
{
    "fields": {
      "created_at": "2026-01-01T00:00:00+00:00",
      "role_description": 1,
      "organization": 242, "user": 242}, "model": "saas.Role", "pk": 242
},
{
    "fields": {
      "slug": "org243",
      "full_name": "Org 243",
      "created_at": "2026-01-01T00:00:00+00:00",
      "email": "org243@localhost.localdomain",
      "is_active": 1
    },
    "model": "saas.Organization", "pk": 243
},
{
    "fields": {
      "created_at": "2026-01-01T00:00:00+00:00",
      "role_description": 1,
      "grant_key": "2260000000ed0123456789012345678901234571",
      "organization": 243, "user": 242}, "model": "saas.Role", "pk": 243
},
{
    "fields": {
      "slug": "org244",
      "full_name": "Org 244",
      "created_at": "2026-01-01T00:00:00+00:00",
      "email": "org244@localhost.localdomain",
      "is_active": 1
    },
    "model": "saas.Organization", "pk": 244
},
{
    "fields": {
      "created_at": "2026-01-01T00:00:00+00:00",
      "role_description": 1,
      "request_key": "2270000000ed0123456789012345678901234572",
      "organization": 244, "user": 242}, "model": "saas.Role", "pk": 244
},

{
    "fields": {
      "date_joined": "2026-01-01T00:00:00-09:00",
      "last_login": "2026-01-01T00:00:00-09:00",
      "email": "xia+245@localhost.localdomain",
      "first_name": "Xia245",
      "is_active": true,
      "is_staff": false,
      "is_superuser": false,
      "last_name": "ProfilesCard24",
      "password": "pbkdf2_sha256$10000$z0MBiWn0Rlem$iZdC6uHomlE07qGK/TqfcfxNzKJtFp03c0JILF1frRc=",
      "username": "xia245"}, "model": "auth.User", "pk": 245
},
{
    "fields": {
      "last_signed": "2026-01-01T00:00:00+00:00",
      "agreement": 1,
      "user": 245
    },
    "model": "saas.signature", "pk": 245
},
{
    "fields": {
      "slug": "xia245",
      "full_name": "Xia245",
      "created_at": "2026-01-01T00:00:00+00:00",
      "email": "xia245@localhost.localdomain",
      "is_active": 1
    },
    "model": "saas.Organization", "pk": 245
},
{
    "fields": {
      "created_at": "2026-01-01T00:00:00+00:00",
      "role_description": 1,
      "organization": 245, "user": 245}, "model": "saas.Role", "pk": 245
},
{
    "fields": {
      "slug": "org246",
      "full_name": "Org 246",
      "created_at": "2026-01-01T00:00:00+00:00",
      "email": "org246@localhost.localdomain",
      "is_active": 1
    },
    "model": "saas.Organization", "pk": 246
},
{
    "fields": {
      "created_at": "2026-01-01T00:00:00+00:00",
      "role_description": 1,
      "grant_key": "2460000000ed0123456789012345678901234571",
      "organization": 246, "user": 245}, "model": "saas.Role", "pk": 246
},
{
    "fields": {
      "slug": "org247",
      "full_name": "Org 247",
      "created_at": "2026-01-01T00:00:00+00:00",
      "email": "org247@localhost.localdomain",
      "is_active": 1
    },
    "model": "saas.Organization", "pk": 247
},
{
    "fields": {
      "created_at": "2026-01-01T00:00:00+00:00",
      "role_description": 1,
      "request_key": "2470000000ed0123456789012345678901234572",
      "organization": 247, "user": 245}, "model": "saas.Role", "pk": 247
},

{
    "fields": {
      "slug": "org248",
      "full_name": "Org 248",
      "created_at": "2026-01-01T00:00:00+00:00",
      "email": "org248@endswith.localdomain",
      "is_active": 1
    },
    "model": "saas.Organization", "pk": 248
},
{
    "fields": {
      "date_joined": "2026-01-01T00:00:00-09:00",
      "last_login": "2026-01-01T00:00:00-09:00",
      "email": "xia+248@strictendswith.localdomain",
      "first_name": "Xia248",
      "is_active": true,
      "is_staff": false,
      "is_superuser": false,
      "last_name": "RolesCard29",
      "password": "pbkdf2_sha256$10000$z0MBiWn0Rlem$iZdC6uHomlE07qGK/TqfcfxNzKJtFp03c0JILF1frRc=",
      "username": "xia248"}, "model": "auth.User", "pk": 248
},
{
    "fields": {
      "last_signed": "2026-01-01T00:00:00+00:00",
      "agreement": 1,
      "user": 248
    },
    "model": "saas.signature", "pk": 248
},

{
    "fields": {
      "slug": "org249",
      "full_name": "Org 249",
      "created_at": "2026-01-01T00:00:00+00:00",
      "email": "org249@strictsuffix.localdomain",
      "is_active": 1
    },
    "model": "saas.Organization", "pk": 249
},
{
    "fields": {
      "date_joined": "2026-01-01T00:00:00-09:00",
      "last_login": "2026-01-01T00:00:00-09:00",
      "email": "xia+249@suffix.localdomain",
      "first_name": "Xia249",
      "is_active": true,
      "is_staff": false,
      "is_superuser": false,
      "last_name": "RolesCard30",
      "password": "pbkdf2_sha256$10000$z0MBiWn0Rlem$iZdC6uHomlE07qGK/TqfcfxNzKJtFp03c0JILF1frRc=",
      "username": "xia249"}, "model": "auth.User", "pk": 249
},
{
    "fields": {
      "last_signed": "2026-01-01T00:00:00+00:00",
      "agreement": 1,
      "user": 249
    },
    "model": "saas.signature", "pk": 249
},

{
    "fields": {
      "slug": "personal250",
      "full_name": "Personal 250",
      "created_at": "2026-01-01T00:00:00+00:00",
      "email": "personal250@localhost.localdomain",
      "is_active": 1
    }, "model": "saas.Organization", "pk": 250
},
{
    "fields": {
      "date_joined": "2026-01-01T00:00:00-09:00",
      "last_login": "2026-01-01T00:00:00-09:00",
      "email": "_archive250@localhost.localdomain",
      "first_name": "",
      "is_active": false,
      "is_staff": false,
      "is_superuser": false,
      "last_name": "",
      "password": "!",
      "username": "_archive_250"}, "model": "auth.User", "pk": 250
},
{
    "fields": {
      "date_joined": "2026-01-01T00:00:00-09:00",
      "last_login": "2026-01-01T00:00:00-09:00",
      "email": "personal250@localhost.localdomain",
      "first_name": "Personal250",
      "is_active": true,
      "is_staff": false,
      "is_superuser": false,
      "last_name": "ProfileAPI9",
      "password": "pbkdf2_sha256$10000$z0MBiWn0Rlem$iZdC6uHomlE07qGK/TqfcfxNzKJtFp03c0JILF1frRc=",
      "username": "personal250"}, "model": "auth.User", "pk": 251
},
{
    "fields": {
      "last_signed": "2026-01-01T00:00:00+00:00",
      "agreement": 1,
      "user": 251}, "model": "saas.signature", "pk": 251
},
{
    "fields": {
      "created_at": "2026-01-01T00:00:00+00:00",
      "role_description": 1,
      "organization": 250, "user": 251}, "model": "saas.Role", "pk": 251
}]
