[
{
  "fields": {
    "slug": "basic",
    "title": "Basic",
    "description": "Basic Plan",
    "created_at": "2023-01-01T00:00:00+00:00",
    "setup_amount": 0,
    "period_amount": 24900,
    "broker_fee_percent": 0,
    "period_type": 4,
    "organization": 2,
    "is_active": 1
  },
  "model": "saas.Plan", "pk": 1
},
{
  "fields": {
    "plan": 1,
    "discount_type": 1,
    "discount_value": 1000,
    "length": 12
  },
  "model": "saas.AdvanceDiscount", "pk": 1
},
{
  "fields": {
    "slug": "medium",
    "title": "Medium",
    "created_at":"2023-01-01T00:00:00+00:00",
    "setup_amount": 0,
    "period_amount": 24900,
    "period_type": 4,
    "description": "Medium Plan",
    "organization": 2,
    "is_active": 1
  },
  "model": "saas.Plan", "pk": 2
},
{
  "fields": {
    "slug": "premium",
    "title": "Premium",
    "created_at": "2023-01-01T00:00:00+00:00",
    "setup_amount": 0,
    "period_amount": 18900,
    "period_type": 4,
    "description": "Premium Plan",
    "organization": 2,
    "is_active": 1
  },
  "model": "saas.Plan", "pk": 3
},
{
  "fields": {
    "plan": 3,
    "discount_type": 3,
    "discount_value": 1,
    "length": 12
  },
  "model": "saas.AdvanceDiscount", "pk": 2
},
{
    "fields": {
      "created_at": "2023-01-01T00:00:00+00:00",
      "organization": 2,
      "slug": "contributor",
      "title": "Contributor"
    },
    "model": "saas.RoleDescription", "pk": 2
},
{
    "fields": {
      "created_at": "2023-01-01T00:00:00+00:00",
      "slug": "viewer",
      "title": "Viewer",
      "implicit_create_on_none": true
    },
    "model": "saas.RoleDescription", "pk": 3
},
{
    "fields": {
      "date_joined": "2023-01-01T00:00:00+00:00",
      "email": "alice@localhost.localdomain",
      "first_name": "Alice",
      "is_active": true,
      "is_staff": true,
      "is_superuser": true,
      "last_login": "2023-01-01T00:00:00+00:00",
      "last_name": "Doe",
      "password": "pbkdf2_sha256$10000$z0MBiWn0Rlem$iZdC6uHomlE07qGK/TqfcfxNzKJtFp03c0JILF1frRc=",
      "username": "alice"
    },
    "model": "auth.User", "pk": 1
},
{
    "fields":{
      "created_at": "2023-01-01T00:00:00+00:00",
      "role_description": 1,
      "organization": 2,
      "user": 1
    },
    "model": "saas.Role", "pk": 1
},
{
    "fields": {
      "last_signed": "2023-01-01T00:00:00+00:00",
      "agreement": 1,
      "user": 1
    },
    "model": "saas.signature", "pk": 2
},
{
    "fields": {
      "date_joined": "2023-01-01T00:00:00+00:00",
      "email": "donny@localhost.localdomain",
      "first_name": "Donny",
      "is_active": true,
      "is_staff": false,
      "is_superuser": false,
      "last_login": "2023-01-01T00:00:00+00:00",
      "last_name": "Manager",
      "password": "pbkdf2_sha256$10000$z0MBiWn0Rlem$iZdC6uHomlE07qGK/TqfcfxNzKJtFp03c0JILF1frRc=",
      "username": "donny"
    },
    "model": "auth.User", "pk": 3
},
{
    "fields": {
      "last_signed": "2023-01-01T00:00:00+00:00",
      "agreement": 1,
      "user": 3
    },
    "model": "saas.signature", "pk": 3
},
{
    "fields":{
      "created_at": "2023-01-01T00:00:00+00:00",
      "role_description": 1,
      "organization": 6,
      "user": 3
    },
    "model": "saas.Role", "pk": 4
},
{
    "fields": {
      "date_joined": "2023-01-01T00:00:00+00:00",
      "email": "xia@localhost.localdomain",
      "first_name": "Xia",
      "groups": [],
      "is_active": true,
      "is_staff": false,
      "is_superuser": false,
      "last_login": "2023-01-01T00:00:00+00:00",
      "last_name": "Doe",
      "password": "pbkdf2_sha256$10000$z0MBiWn0Rlem$iZdC6uHomlE07qGK/TqfcfxNzKJtFp03c0JILF1frRc=",
      "user_permissions": [],
      "username": "xia"
    },
    "model": "auth.User", "pk": 4
},
{
    "fields": {
      "slug": "xia",
      "full_name": "Xia",
      "created_at": "2023-01-01T00:00:00+00:00",
      "email": "xia@localhost.localdomain",
      "phone": "555-555-5555",
      "street_address": "1 ABC loop",
      "locality":  "San Francisco",
      "region": "CA",
      "postal_code": "94102",
      "country": "US",
      "processor": 1,
      "is_active": 1
    },
    "model": "saas.Organization", "pk": 4
},
{
    "fields":{
      "created_at": "2023-01-01T00:00:00+00:00",
      "role_description": 1,
      "organization": 4,
      "user": 4
    },
    "model": "saas.Role", "pk": 5
},
{
    "fields": {
      "last_signed": "2023-01-01T00:00:00+00:00",
      "agreement": 1,
      "user": 4
    },
    "model": "saas.signature", "pk": 4
},
{
    "fields": {
      "created_at": "2023-01-01T00:00:00+00:00",
      "ends_at": "2023-12-31T23:59:59-00:00",
      "organization": 4,
      "plan": 3
    },
    "model": "saas.subscription", "pk": 4
},
{
    "fields": {
      "created_at": "2023-01-01T00:00:00+00:00",
      "code": "HALLOWEEN",
      "organization": 2,
      "discount_type": 1,
      "discount_value": 5000
    },
    "model": "saas.Coupon", "pk": 1
},
{
    "fields": {
      "created_at": "2023-01-01T00:00:00+00:00",
      "code": "DIS100",
      "organization": 2,
      "discount_type": 1,
      "discount_value": 10000
    },
    "model": "saas.Coupon", "pk": 2
},
{
    "fields": {
      "slug": "stephanie",
      "full_name": "Stephanie DuJardin",
      "created_at": "2023-01-01T00:00:00+00:00",
      "email": "stephanie@localhost.localdomain",
      "phone": "555-555-5555",
      "street_address": "588 Sutter St. #237A",
      "locality":  "San Francisco",
      "region": "CA",
      "postal_code": "94102",
      "country": "US",
      "processor": 1,
      "is_active": 1
    },
    "model": "saas.Organization", "pk": 5
},
{
    "fields": {
      "date_joined": "2023-01-01T00:00:00+00:00",
      "email": "stephanie@localhost.localdomain",
      "first_name": "Stephanie",
      "groups": [],
      "is_active": true,
      "is_staff": false,
      "is_superuser": false,
      "last_login": "2023-01-01T00:00:00+00:00",
      "last_name": "DuJardin",
      "password": "pbkdf2_sha256$10000$z0MBiWn0Rlem$iZdC6uHomlE07qGK/TqfcfxNzKJtFp03c0JILF1frRc=",
      "username": "stephanie"
    },
    "model": "auth.User", "pk": 5
},
{
    "fields": {
      "last_signed": "2023-01-01T00:00:00+00:00",
      "agreement": 1,
      "user": 5
    },
    "model": "saas.signature", "pk": 5
},
{
    "fields": {
      "created_at": "2023-01-01T00:00:00+00:00",
      "role_description": 1,
      "organization": 5,
      "user": 5
    },
    "model": "saas.Role", "pk": 6
},
{
    "fields": {
      "date_joined": "2023-01-01T00:00:00+00:00",
      "email": "joe@localhost.localdomain",
      "first_name": "Joe",
      "last_name": "Smith",
      "is_active": true,
      "is_staff": false,
      "is_superuser": false,
      "last_login": "2023-01-01T00:00:00+00:00",
      "password": "pbkdf2_sha256$10000$z0MBiWn0Rlem$iZdC6uHomlE07qGK/TqfcfxNzKJtFp03c0JILF1frRc=",
      "username": "joe"
    },
    "model": "auth.User", "pk": 6
},
{
    "fields": {
      "last_signed": "2023-01-01T00:00:00+00:00",
      "agreement": 1,
      "user": 6
    },
    "model": "saas.signature", "pk": 6
},
{
    "fields": {
      "slug": "joe-bulk",
      "full_name": "Joe Bulk Buying",
      "created_at": "2023-01-01T00:00:00+00:00",
      "email": "joe@localhost.localdomain",
      "phone": "555-555-5555",
      "street_address": "588 Sutter St. #237A",
      "locality":  "San Francisco",
      "region": "CA",
      "postal_code": "94102",
      "country": "US",
      "processor": 1,
      "is_active": 1,
      "is_bulk_buyer": 1
    },
    "model": "saas.Organization", "pk": 6
},
{
    "fields": {
      "created_at": "2023-01-01T00:00:00+00:00",
      "role_description": 1,
      "organization": 6,
      "user": 6
    },
    "model": "saas.Role", "pk": 8
},
{
    "fields": {
      "slug": "xia-card7",
      "full_name": "Xia Card7",
      "created_at": "2023-01-01T00:00:00+00:00",
      "email": "noreply@djaodjin.com",
      "phone": "+1 415 857 3526",
      "street_address": "588 Sutter St. #237A",
      "locality":  "San Francisco",
      "region": "CA",
      "postal_code": "94102",
      "country": "US",
      "is_active": 1
    },
    "model": "saas.Organization", "pk": 7
},
{
    "fields": {
      "slug": "to-be-deleted-1",
      "full_name": "Subscriber ToBeDeleted",
      "created_at": "2023-01-01T00:00:00+00:00",
      "email": "to-be-deleted-1@localhost.localdomain",
      "phone": "555-555-5555",
      "street_address": "588 Sutter St. #237A",
      "locality":  "San Francisco",
      "region": "CA",
      "postal_code": "94102",
      "country": "US",
      "processor": 1,
      "is_active": 1
    },
    "model": "saas.Organization", "pk": 10
},
{
    "fields": {
      "created_at": "2023-01-01T00:00:00+00:00",
      "ends_at": "2023-12-31T23:59:59+00:00",
      "organization": 10,
      "plan": 1
    },
    "model": "saas.subscription", "pk": 2
},
{
    "fields": {
      "date_joined": "2023-01-01T00:00:00+00:00",
      "email": "kenneth@localhost.localdomain",
      "first_name": "Kenneth",
      "last_name": "Contributor",
      "is_active": true,
      "is_staff": false,
      "is_superuser": false,
      "last_login": "2023-01-01T00:00:00+00:00",
      "password": "pbkdf2_sha256$10000$z0MBiWn0Rlem$iZdC6uHomlE07qGK/TqfcfxNzKJtFp03c0JILF1frRc=",
      "username": "kenneth"
    },
    "model": "auth.User", "pk": 7
},
{
    "fields":{
      "created_at": "2023-01-01T00:00:00+00:00",
      "role_description": 2,
      "organization": 2,
      "user": 7
    },
    "model": "saas.Role", "pk": 9
},
{
    "fields": {
      "date_joined": "2023-01-01T00:00:00+00:00",
      "email": "abby@localhost.localdomain",
      "first_name": "Abby",
      "last_name": "RoleRequest",
      "is_active": true,
      "is_staff": false,
      "is_superuser": false,
      "last_login": "2023-01-01T00:00:00-00:00",
      "password": "pbkdf2_sha256$10000$z0MBiWn0Rlem$iZdC6uHomlE07qGK/TqfcfxNzKJtFp03c0JILF1frRc=",
      "username": "asmith"
    },
    "model": "auth.User", "pk": 8
},
{
    "fields": {
      "username": "to-be-deleted-2",
      "date_joined": "2023-01-01T00:00:00+00:00",
      "email": "to-be-deleted-2@localhost.localdomain",
      "first_name": "Xia",
      "last_name": "Lee",
      "is_active": true,
      "is_staff": false,
      "is_superuser": false,
      "last_login": "2023-01-01T00:00:00+00:00",
      "password": "pbkdf2_sha256$10000$z0MBiWn0Rlem$iZdC6uHomlE07qGK/TqfcfxNzKJtFp03c0JILF1frRc="
    },
    "model": "auth.User", "pk": 9
},
{
    "fields": {
      "slug": "to-be-deleted-2",
      "full_name": "Subscriber ToBeDeleted",
      "created_at": "2023-01-01T00:00:00+00:00",
      "email": "to-be-deleted-2@localhost.localdomain",
      "phone": "555-555-5555",
      "street_address": "588 Sutter St. #237A",
      "locality":  "San Francisco",
      "region": "CA",
      "postal_code": "94102",
      "country": "US",
      "processor": 1,
      "is_active": 1
    },
    "model": "saas.Organization", "pk": 9
},
{
    "fields": {
      "created_at": "2023-01-01T00:00:00+00:00",
      "role_description": 1,
      "organization": 9,
      "user": 9
    },
    "model": "saas.Role", "pk": 10
},
{
    "fields":{
        "created_at":"2023-01-01T00:00:00+00:00",
        "user": 4,
        "plan": 1,
        "coupon": 1,
        "recorded": 1
    },
    "model": "saas.CartItem", "pk": 1
},
{
    "fields": {
      "created_at": "2023-01-01T00:00:00+00:00",
      "ends_at": "2023-12-31T23:59:59+00:00",
      "organization": 7,
      "plan": 1
    },
    "model": "saas.subscription", "pk": 7
},
{
    "fields": {
      "created_at": "2023-01-01T00:00:00+00:00",
      "dest_amount": 13800,
      "dest_unit": "usd",
      "dest_account": "Payable",
      "dest_organization": 7,
      "orig_amount": 13800,
      "orig_unit": "usd",
      "orig_account": "Receivable",
      "orig_organization": 2,
      "event_id": "sub_7/"
    },
    "model": "saas.transaction", "pk": 1
},
{
    "fields": {
      "created_at": "2023-01-01T00:00:00+00:00",
      "dest_amount": 6900,
      "dest_unit": "usd",
      "dest_account": "Liability",
      "dest_organization": 7,
      "orig_amount": 6900,
      "orig_unit": "usd",
      "orig_account": "Payable",
      "orig_organization": 7,
      "event_id": "sub_7/"
    },
    "model": "saas.transaction", "pk": 2
},
{
    "fields": {
      "username": "melissa",
      "date_joined": "2023-01-01T00:00:00+00:00",
      "email": "melissa@localhost.localdomain",
      "first_name": "Melissa",
      "last_name": "Xia",
      "is_active": true,
      "is_staff": false,
      "is_superuser": false,
      "last_login": "2023-01-01T00:00:00+00:00",
      "password": "pbkdf2_sha256$10000$z0MBiWn0Rlem$iZdC6uHomlE07qGK/TqfcfxNzKJtFp03c0JILF1frRc="
    },
    "model": "auth.User", "pk": 11
},
{
    "fields": {
      "last_signed": "2023-01-01T00:00:00+00:00",
      "agreement": 1,
      "user": 11
    },
    "model": "saas.signature", "pk": 11
},
{
    "fields": {
      "created_at": "2023-01-01T00:00:00+00:00",
      "role_description": null,
      "organization": 2,
      "user": 8,
      "request_key": "a00000d0a0d00001234567890123456789012345"
    },
    "model": "saas.Role", "pk": 11
},


{
    "fields": {
      "date_joined": "2023-01-01T00:00:00-09:00",
      "email": "xia+10@localhost.localdomain",
      "first_name": "Xia10",
      "is_active": true,
      "is_staff": false,
      "is_superuser": false,
      "last_login": "2023-01-01T00:00:00-09:00",
      "last_name": "BillingCard10",
      "password": "pbkdf2_sha256$10000$z0MBiWn0Rlem$iZdC6uHomlE07qGK/TqfcfxNzKJtFp03c0JILF1frRc=", 
      "username": "xia10"
    },
    "model": "auth.User", "pk": 12
},
{
    "fields": {
      "last_signed": "2023-01-01T00:00:00+00:00",
      "agreement": 1,
      "user": 12
    },
    "model": "saas.signature", "pk": 12
},
{
    "fields": {
      "slug": "xia10",
      "full_name": "Xia10",
      "created_at": "2023-01-01T00:00:00+00:00",
      "email": "xia+10@localhost.localdomain",
      "phone": "555-555-5555",
      "street_address": "350 Bay St.",
      "locality":  "San Francisco",
      "region": "CA",
      "postal_code": "94133",
      "country": "US",
      "processor": 1,
      "is_active": 1
    },
    "model": "saas.Organization", "pk": 12
},
{
    "fields": {
      "created_at": "2023-01-01T00:00:00+00:00",
      "role_description": 1,
      "organization": 12,
      "user": 12
    },
    "model": "saas.Role", "pk": 12
},

{
    "fields": {
      "slug": "dibaggio-parents",
      "email": "cowork@djaodjin.com",
      "full_name": "Di Baggio Middle School Parents Association",
      "created_at": "2023-01-01T00:00:00+00:00",
      "processor": 1,
      "is_provider": 1,
      "is_active": 1
    },
    "model": "saas.Organization", "pk": 13
},
{
    "fields":{
        "slug":"standard",
        "title":"Di Baggio Middle School Parents Association",
        "created_at":"2023-01-01T00:00:00+00:00",
        "setup_amount":0,
        "period_amount":10000,
        "broker_fee_percent": 1000,
        "period_type": 5,
        "description": "",
        "organization": 13,
        "is_active": 1
    },
    "model": "saas.Plan", "pk": 12
},
{
    "fields": {
      "slug": "tennis-club",
      "email": "cowork@djaodjin.com",
      "full_name": "Tennis Club of North Beach",
      "created_at": "2023-01-01T00:00:00+00:00",
      "processor": 1,
      "is_provider": 1,
      "is_active": 1
    },
    "model": "saas.Organization", "pk": 14
},
{
    "fields": {
      "created_at": "2023-01-01T00:00:00+00:00",
      "role_description": 1,
      "organization": 14,
      "user": 1
    },
    "model": "saas.Role", "pk": 13
},
{
    "fields":{
        "slug": "tennis-club",
        "title":"Tennis Club of North Beach",
        "created_at":"2023-01-01T00:00:00+00:00",
        "setup_amount":0,
        "period_amount":10000,
        "broker_fee_percent": 1000,
        "period_type": 5,
        "description":"",
        "organization": 14,
        "is_active": 1
    },
    "model": "saas.Plan", "pk": 13
},
{
    "fields": {
      "date_joined": "2023-01-01T00:00:00+00:00",
      "email": "brett@localhost.localdomain",
      "first_name": "Brett",
      "last_name": "Invited",
      "is_active": true,
      "is_staff": false,
      "is_superuser": false,
      "password": "pbkdf2_sha256$10000$z0MBiWn0Rlem$iZdC6uHomlE07qGK/TqfcfxNzKJtFp03c0JILF1frRc=",
      "username": "brett"
    },
    "model": "auth.User", "pk": 13
},
{
    "fields": {
      "last_signed": "2023-01-01T00:00:00-00:00",
      "agreement": 1,
      "user": 13
    },
    "model": "saas.signature", "pk": 13
},
{
    "fields": {
      "created_at": "2023-01-01T00:00:00+00:00",
      "role_description": 1,
      "organization": 2,
      "user": 13,
      "grant_key": "b0e0000000ed0123456789012345678901234578"
    },
    "model": "saas.Role", "pk": 14
},
{
    "fields": {
      "created_at": "2023-01-01T00:00:00+00:00",
      "role_description": 1,
      "organization": 4,
      "user": 13
    },
    "model": "saas.Role", "pk": 15
},
{
    "fields": {
      "created_at": "2023-01-01T00:00:00+00:00",
      "organization": 5,
      "user": 13,
      "request_key": "b0e000e00e0001234567890123456789012345"
    },
    "model": "saas.Role", "pk": 16
},
{
    "fields": {
      "created_at": "2023-01-01T00:00:00+00:00",
      "role_description": 1,
      "organization": 6,
      "user": 13,
      "request_key": "1234567890123456789012345b0e000e00e000"
    },
    "model": "saas.Role", "pk": 17
},
{
    "fields": {
      "date_joined": "2023-01-01T00:00:00-00:00",
      "email": "joey@localhost.localdomain",
      "first_name": "Joey",
      "last_name": "create profile on subscription",
      "is_active": true,
      "is_staff": false,
      "is_superuser": false,
      "password": "pbkdf2_sha256$10000$z0MBiWn0Rlem$iZdC6uHomlE07qGK/TqfcfxNzKJtFp03c0JILF1frRc=",
      "username": "joey"
    },
    "model": "auth.User", "pk": 14
},
{
    "fields": {
      "last_signed": "2023-01-01T00:00:00-00:00",
      "agreement": 1,
      "user": 14
    },
    "model": "saas.signature", "pk": 14
},

{
    "fields": {
      "slug": "stephanie2",
      "full_name": "Stephanie Two",
      "created_at": "2023-01-01T00:00:00+00:00",
      "email": "stephanie2@localhost.localdomain",
      "phone": "555-555-5555",
      "street_address": "350 Bay St.",
      "locality":  "San Francisco",
      "region": "CA",
      "postal_code": "94133",
      "country": "US",
      "processor": 1,
      "is_active": 1,
      "extra": "saas-subscribe: Card 2"
    },
    "model": "saas.Organization", "pk": 17
},
{
    "fields": {
      "date_joined": "2023-01-01T00:00:00-09:00",
      "email": "stephanie2@localhost.localdomain",
      "first_name": "Stephanie",
      "last_name": "Two",
      "password": "pbkdf2_sha256$10000$z0MBiWn0Rlem$iZdC6uHomlE07qGK/TqfcfxNzKJtFp03c0JILF1frRc=", 
      "username": "stephanie2"
    },
    "model": "auth.User", "pk": 17
},
{
    "fields": {
      "last_signed": "2023-01-01T00:00:00-09:00",
      "agreement": 1,
      "user": 17
    },
    "model": "saas.signature", "pk": 17
},
{
    "fields": {
      "created_at": "2023-01-01T00:00:00+00:00",
      "role_description": 1,
      "organization": 17,
      "user": 17
    },
    "model": "saas.Role", "pk": 18
},
{
    "fields": {
      "created_at": "2023-01-01T00:00:00+00:00",
      "ends_at": "2023-12-31T23:59:59+00:00",
      "organization": 17,
      "plan": 3
    },
    "model": "saas.subscription", "pk": 17
},

{
    "fields": {
      "slug": "stephanie3",
      "full_name": "Stephanie Three",
      "created_at": "2023-01-01T00:00:00+00:00",
      "email": "stephanie3@localhost.localdomain",
      "phone": "555-555-5555",
      "street_address": "350 Bay St.",
      "locality":  "San Francisco",
      "region": "CA",
      "postal_code": "94133",
      "country": "US",
      "processor": 1,
      "is_active": 1,
      "extra": "saas-subscribe: Card 3"
    },
    "model": "saas.Organization", "pk": 18
},
{
    "fields": {
      "date_joined": "2023-01-01T00:00:00-00:00",
      "email": "stephanie3@localhost.localdomain",
      "first_name": "Stephanie",
      "last_name": "Three",
      "password": "pbkdf2_sha256$10000$z0MBiWn0Rlem$iZdC6uHomlE07qGK/TqfcfxNzKJtFp03c0JILF1frRc=", 
      "username": "stephanie3"
    },
    "model": "auth.User", "pk": 18
},
{
    "fields": {
      "last_signed": "2023-01-01T00:00:00-00:00",
      "agreement": 1,
      "user": 18
    },
    "model": "saas.signature", "pk": 18
},
{
    "fields": {
      "created_at": "2023-01-01T00:00:00+00:00",
      "role_description": 1,
      "organization": 18,
      "user": 18
    },
    "model": "saas.Role", "pk": 19
},
{
    "fields": {
      "created_at": "2023-01-01T00:00:00+00:00",
      "ends_at": "2023-12-31T23:59:59+00:00",
      "organization": 18,
      "plan": 3,
      "extra": ""
    },
    "model": "saas.subscription", "pk": 18
},
{
    "fields": {
      "created_at": "2023-01-01T00:00:00+00:00",
      "ends_at": "2023-12-31T23:59:59+00:00",
      "organization": 18,
      "plan": 3,
      "extra": "bogus duplicate subscription"
    },
    "model": "saas.subscription", "pk": 19
},
{
    "fields": {
      "date_joined": "2023-01-01T00:00:00-09:00",
      "email": "xia+7@example.com",
      "first_name": "Xia",
      "is_active": true,
      "is_staff": false,
      "is_superuser": false,
      "last_login": "2023-01-01T00:00:00-09:00",
      "last_name": "Login with SSO provider",
      "password": "!iZdC6uHomlE07qGK/TqfcfxNzKJtFp03c0JILF1frRc=",
      "username": "xia7"
    },
    "model": "auth.User", "pk": 19
},
{
    "fields": {
      "date_joined": "2023-01-01T00:00:00-09:00",
      "email": "xia+8@example.com",
      "first_name": "Xia",
      "is_active": true,
      "is_staff": false,
      "is_superuser": false,
      "last_login": "2023-01-01T00:00:00-09:00",
      "last_name": "Activate with SSO provider",
      "password": "!iZdC6uHomlE07qGK/TqfcfxNzKJtFp03c0JILF1frRc=",
      "username": "xia8"
    },
    "model": "auth.User", "pk": 20
},
{
    "fields": {
      "date_joined": "2023-01-01T00:00:00-09:00",
      "email": "xia+21@localhost.localdomain",
      "first_name": "Xia21",
      "is_active": true,
      "is_staff": false,
      "is_superuser": false,
      "last_login": "2023-01-01T00:00:00-09:00",
      "last_name": "",
      "password": "pbkdf2_sha256$10000$z0MBiWn0Rlem$iZdC6uHomlE07qGK/TqfcfxNzKJtFp03c0JILF1frRc=",
      "username": "xia21"
    },
    "model": "auth.User", "pk": 21
},
{
    "fields": {
      "last_signed": "2023-01-01T00:00:00+00:00",
      "agreement": 1,
      "user": 21
    },
    "model": "saas.signature", "pk": 21
},
{
    "fields": {
      "slug": "xia21",
      "full_name": "BillingAPI13",
      "email": "xia+21@localhost.localdomain",
      "created_at": "2023-01-01T00:00:00+00:00",
      "processor": 1,
      "is_provider": 1,
      "is_active": 1
    },
    "model": "saas.Organization", "pk": 21
},
{
    "fields": {
      "created_at": "2023-01-01T00:00:00+00:00",
      "role_description": 1,
      "organization": 21,
      "user": 21
    },
    "model": "saas.Role", "pk": 21
},

{
    "fields": {
      "date_joined": "2022-12-20T00:00:00+00:00",
      "email": "xia+22@localhost.localdomain",
      "first_name": "Xia22",
      "is_active": true,
      "is_staff": false,
      "is_superuser": false,
      "last_login": "2022-12-20T00:00:00+00:00",
      "last_name": "",
      "password": "pbkdf2_sha256$10000$z0MBiWn0Rlem$iZdC6uHomlE07qGK/TqfcfxNzKJtFp03c0JILF1frRc=",
      "username": "xia22"
    },
    "model": "auth.User", "pk": 22
},
{
    "fields": {
      "last_signed": "2023-01-01T00:00:00+00:00",
      "agreement": 1,
      "user": 22
    },
    "model": "saas.signature", "pk": 22
},
{
    "fields": {
      "slug": "xia22",
      "full_name": "BillingCard8",
      "email": "xia+22@localhost.localdomain",
      "created_at": "2023-01-01T00:00:00+00:00",
      "processor": 1,
      "is_provider": 1,
      "is_active": 1
    },
    "model": "saas.Organization", "pk": 22
},
{
    "fields": {
      "created_at": "2023-01-01T00:00:00+00:00",
      "role_description": 1,
      "organization": 22,
      "user": 22
    },
    "model": "saas.Role", "pk": 22
},
{
    "fields": {
      "created_at": "2023-01-01T00:00:00+00:00",
      "ends_at": "2023-12-31T23:59:59-00:00",
      "organization": 22,
      "plan": 3
    },
    "model": "saas.subscription", "pk": 22
},

{
    "fields": {
      "slug": "xia23",
      "full_name": "Xia23",
      "created_at": "2023-01-01T00:00:00+00:00",
      "email": "xia+23@localhost.localdomain",
      "phone": "555-555-5555",
      "locality":  "San Francisco",
      "region": "CA",
      "country": "US",
      "processor": 1,
      "is_active": 1
    },
    "model": "saas.Organization", "pk": 23
},
{
    "fields": {
      "created_at": "2023-01-01T00:00:00+00:00",
      "ends_at": "2023-12-31T23:59:59+00:00",
      "organization": 23,
      "plan": 2
    },
    "model": "saas.subscription", "pk": 23
},
{
    "fields": {
      "slug": "xia24",
      "full_name": "Xia24",
      "created_at": "2023-01-01T00:00:00+00:00",
      "email": "xia+24@localhost.localdomain",
      "phone": "555-555-5555",
      "locality":  "San Francisco",
      "region": "CA",
      "country": "US",
      "processor": 1,
      "is_active": 1
    },
    "model": "saas.Organization", "pk": 24
},
{
    "fields": {
      "created_at": "2023-01-01T00:00:00+00:00",
      "ends_at": "2023-12-31T23:59:59+00:00",
      "organization": 24,
      "plan": 2
    },
    "model": "saas.subscription", "pk": 24
},
{
    "fields": {
      "slug": "xia25",
      "full_name": "Xia25",
      "created_at": "2023-01-01T00:00:00+00:00",
      "email": "xia+25@localhost.localdomain",
      "phone": "555-555-5555",
      "locality":  "San Francisco",
      "region": "CA",
      "country": "US",
      "processor": 1,
      "is_active": 1
    },
    "model": "saas.Organization", "pk": 25
},
{
    "fields": {
      "created_at": "2023-01-01T00:00:00+00:00",
      "ends_at": "2023-12-31T23:59:59+00:00",
      "organization": 25,
      "plan": 2
    },
    "model": "saas.subscription", "pk": 25
},


{
    "fields": {
      "date_joined": "2023-01-01T00:00:00-00:00",
      "email": "xia+roles-card1@localhost.localdomain",
      "first_name": "Xia",
      "last_name": "Roles Card1",
      "is_active": true,
      "is_staff": false,
      "is_superuser": false,
      "password": "pbkdf2_sha256$10000$z0MBiWn0Rlem$iZdC6uHomlE07qGK/TqfcfxNzKJtFp03c0JILF1frRc=", 
      "username": "xia-roles-card1"
    },
    "model": "auth.User", "pk": 30
},
{
    "fields": {
      "last_signed": "2023-01-01T00:00:00+00:00",
      "agreement": 1,
      "user": 30
    },
    "model": "saas.signature", "pk": 30
},
{
    "fields": {
      "slug": "djaoapp-roles-card1",
      "full_name": "RolesCard1",
      "email": "djaoapp-roles-card1@localhost.localdomain",
      "created_at": "2023-01-01T00:00:00+00:00",
      "processor": 1,
      "is_provider": 1,
      "is_active": 1
    },
    "model": "saas.Organization", "pk": 30
}]
