[
{
  "fields": {
    "slug": "basic",
    "title": "Basic",
    "description": "Basic Plan",
    "created_at": "2013-08-30T14:16:55-09:00",
    "setup_amount": 0,
    "period_amount": 24900,
    "broker_fee_percent": 0,
    "period_type": 4,
    "advance_discount": 1000,
    "organization": 2,
    "is_active": 1
  },
  "model": "saas.Plan", "pk": 1
},
{
  "fields": {
    "slug": "medium",
    "title": "Medium",
    "created_at":"2013-08-30T14:16:55-09:00",
    "setup_amount": 0,
    "period_amount": 24900,
    "period_type": 4,
    "description": "Medium Plan",
    "organization": 2,
    "is_active": 1
  },
  "model": "saas.Plan", "pk": 2
},
{
  "fields": {
    "slug": "premium",
    "title": "Premium",
    "created_at": "2013-08-30T14:16:55-09:00",
    "setup_amount": 0,
    "period_amount": 18900,
    "period_type": 4,
    "advance_discount": 81,
    "description": "Premium Plan",
    "organization": 2,
    "is_active": 1
  },
  "model": "saas.Plan", "pk": 3
},
{
    "fields": {
      "created_at": "2012-08-14T15:00:00-09:00",
      "organization": 2,
      "slug": "contributor",
      "title": "Contributor"
    },
    "model": "saas.RoleDescription", "pk": 2
},
{
    "fields": {
      "date_joined": "2012-09-14T14:16:55-09:00",
      "email": "alice@localhost.localdomain",
      "first_name": "Alice",
      "is_active": true,
      "is_staff": true,
      "is_superuser": true,
      "last_login": "2012-09-14T14:57:48-09:00",
      "last_name": "Doe",
      "password": "pbkdf2_sha256$10000$z0MBiWn0Rlem$iZdC6uHomlE07qGK/TqfcfxNzKJtFp03c0JILF1frRc=",
      "username": "alice"
    },
    "model": "auth.User", "pk": 2
},
{
    "fields":{
      "created_at": "2012-10-01T00:00:00-09:00",
      "role_description": 1,
      "organization": 2,
      "user": 2
    },
    "model": "saas.Role", "pk": 1
},
{
    "fields": {
      "last_signed": "2014-01-01T00:00:00-00:00",
      "agreement": 1,
      "user": 2
    },
    "model": "saas.signature", "pk": 2
},
{
    "fields": {
      "date_joined": "2012-09-14T14:16:55-09:00",
      "email": "donny@localhost.localdomain",
      "first_name": "Donny",
      "is_active": true,
      "is_staff": true,
      "is_superuser": true,
      "last_login": "2012-09-14T14:57:48-09:00",
      "last_name": "Manager",
      "password": "pbkdf2_sha256$10000$z0MBiWn0Rlem$iZdC6uHomlE07qGK/TqfcfxNzKJtFp03c0JILF1frRc=",
      "username": "donny"
    },
    "model": "auth.User", "pk": 3
},
{
    "fields":{
      "created_at": "2012-10-01T00:00:00-09:00",
      "role_description": 1,
      "organization": 2,
      "user": 3
    },
    "model": "saas.Role", "pk": 2
},
{
    "fields":{
      "created_at": "2012-10-01T00:00:00-09:00",
      "role_description": 1,
      "organization": 5,
      "user": 3
    },
    "model": "saas.Role", "pk": 3
},
{
    "fields":{
      "created_at": "2012-10-01T00:00:00-09:00",
      "role_description": 1,
      "organization": 6,
      "user": 3
    },
    "model": "saas.Role", "pk": 4
},
{
    "fields": {
      "last_signed": "2014-01-01T00:00:00-00:00",
      "agreement": 1,
      "user": 3
    },
    "model": "saas.signature", "pk": 3
},
{
    "fields": {
      "date_joined": "2012-09-14T14:16:55-09:00",
      "email": "xia@localhost.localdomain",
      "first_name": "Xia",
      "groups": [],
      "is_active": true,
      "is_staff": true,
      "is_superuser": true,
      "last_login": "2012-09-14T14:57:48-09:00",
      "last_name": "Doe",
      "password": "pbkdf2_sha256$10000$z0MBiWn0Rlem$iZdC6uHomlE07qGK/TqfcfxNzKJtFp03c0JILF1frRc=",
      "user_permissions": [],
      "username": "xia"
    },
    "model": "auth.User", "pk": 4
},
{
    "fields": {
      "slug": "xia",
      "full_name": "Xia",
      "created_at": "2012-08-14T14:16:55-09:00",
      "email": "xia@localhost.localdomain",
      "phone": "555-555-5555",
      "street_address": "1 ABC loop",
      "locality":  "San Francisco",
      "region": "CA",
      "postal_code": "94102",
      "country": "US",
      "processor": 1,
      "is_active": 1
    },
    "model": "saas.Organization", "pk": 4
},
{
    "fields":{
      "created_at": "2012-10-01T00:00:00-09:00",
      "role_description": 1,
      "organization": 4,
      "user": 4
    },
    "model": "saas.Role", "pk": 5
},
{
    "fields": {
      "last_signed": "2014-01-01T00:00:00-00:00",
      "agreement": 1,
      "user": 4
    },
    "model": "saas.signature", "pk": 4
},
{
    "fields": {
      "created_at": "2014-01-14T14:16:55-09:00",
      "ends_at": "2020-01-01T00:00:00-09:00",
      "organization": 4,
      "plan": 3
    },
    "model": "saas.subscription", "pk": 4
},
{
    "fields": {
      "created_at": "2018-10-20T00:00:00+00:00",
      "code": "HALLOWEEN",
      "organization": 2,
      "percent": 50
    },
    "model": "saas.Coupon", "pk": 1
},
{
    "fields": {
      "created_at": "2012-08-14T14:16:55-09:00",
      "code": "DIS100",
      "organization": 2,
      "percent": 100
    },
    "model": "saas.Coupon", "pk": 2
},
{
    "fields": {
      "slug": "stephanie",
      "full_name": "Stephanie DuJardin",
      "created_at": "2015-01-01T00:00:00-09:00",
      "email": "stephanie@localhost.localdomain",
      "phone": "555-555-5555",
      "street_address": "588 Sutter St. #237A",
      "locality":  "San Francisco",
      "region": "CA",
      "postal_code": "94102",
      "country": "US",
      "processor": 1,
      "is_active": 1
    },
    "model": "saas.Organization", "pk": 5
},
{
    "fields": {
      "date_joined": "2015-01-01T00:00:00-09:00",
      "email": "stephanie@localhost.localdomain",
      "first_name": "Stephanie",
      "groups": [],
      "is_active": true,
      "is_staff": false,
      "is_superuser": false,
      "last_login": "2015-02-01T00:00:00-09:00",
      "last_name": "DuJardin",
      "password": "pbkdf2_sha256$10000$z0MBiWn0Rlem$iZdC6uHomlE07qGK/TqfcfxNzKJtFp03c0JILF1frRc=",
      "username": "stephanie"
    },
    "model": "auth.User", "pk": 5
},
{
    "fields": {
      "last_signed": "2014-01-01T00:00:00-00:00",
      "agreement": 1,
      "user": 5
    },
    "model": "saas.signature", "pk": 5
},
{
    "fields": {
      "created_at": "2012-10-01T00:00:00-09:00",
      "role_description": 1,
      "organization": 5,
      "user": 5
    },
    "model": "saas.Role", "pk": 6
},
{
    "fields": {
      "created_at": "2012-10-01T00:00:00-09:00",
      "role_description": 1,
      "organization": 5,
      "user": 2
    },
    "model": "saas.Role", "pk": 7
},
{
    "fields": {
      "date_joined": "2014-01-01T00:00:00-00:00",
      "email": "joe@localhost.localdomain",
      "first_name": "Joe",
      "last_name": "Smith",
      "is_active": true,
      "is_staff": false,
      "is_superuser": false,
      "last_login": "2014-01-01T00:00:00-00:00",
      "password": "pbkdf2_sha256$10000$z0MBiWn0Rlem$iZdC6uHomlE07qGK/TqfcfxNzKJtFp03c0JILF1frRc=",
      "username": "joe"
    },
    "model": "auth.User", "pk": 6
},
{
    "fields": {
      "last_signed": "2014-01-01T00:00:00-00:00",
      "agreement": 1,
      "user": 6
    },
    "model": "saas.signature", "pk": 6
},
{
    "fields": {
      "slug": "joe-bulk",
      "full_name": "Joe Bulk Buying",
      "created_at": "2012-09-14T14:16:55-09:00",
      "email": "joe@localhost.localdomain",
      "phone": "555-555-5555",
      "street_address": "588 Sutter St. #237A",
      "locality":  "San Francisco",
      "region": "CA",
      "postal_code": "94102",
      "country": "US",
      "processor": 1,
      "is_active": 1,
      "is_bulk_buyer": 1
    },
    "model": "saas.Organization", "pk": 6
},
{
    "fields": {
      "created_at": "2012-10-01T00:00:00-09:00",
      "role_description": 1,
      "organization": 6,
      "user": 6
    },
    "model": "saas.Role", "pk": 8
},
{
    "fields": {
      "slug": "xia-card7",
      "full_name": "Xia Card7",
      "created_at": "2016-08-22T00:00:00+00:00",
      "email": "noreply@djaodjin.com",
      "phone": "+1 415 857 3526",
      "street_address": "588 Sutter St. #237A",
      "locality":  "San Francisco",
      "region": "CA",
      "postal_code": "94102",
      "country": "US",
      "is_active": 1
    },
    "model": "saas.Organization", "pk": 7
},
{
    "fields": {
      "slug": "to-be-deleted-1",
      "full_name": "Subscriber ToBeDeleted",
      "created_at": "2012-09-14T14:16:55-09:00",
      "email": "to-be-deleted-1@localhost.localdomain",
      "phone": "555-555-5555",
      "street_address": "588 Sutter St. #237A",
      "locality":  "San Francisco",
      "region": "CA",
      "postal_code": "94102",
      "country": "US",
      "processor": 1,
      "is_active": 1
    },
    "model": "saas.Organization", "pk": 8
},
{
    "fields": {
      "created_at": "2015-01-14T14:16:55-09:00",
      "ends_at": "2020-01-01T00:00:00-09:00",
      "organization": 8,
      "plan": 1
    },
    "model": "saas.subscription", "pk": 2
},
{
    "fields": {
      "date_joined": "2017-01-01T00:00:00-00:00",
      "email": "kenneth@localhost.localdomain",
      "first_name": "Kenneth",
      "last_name": "Contributor",
      "is_active": true,
      "is_staff": false,
      "is_superuser": false,
      "last_login": "2017-01-01T00:00:00-00:00",
      "password": "pbkdf2_sha256$10000$z0MBiWn0Rlem$iZdC6uHomlE07qGK/TqfcfxNzKJtFp03c0JILF1frRc=",
      "username": "kenneth"
    },
    "model": "auth.User", "pk": 7
},
{
    "fields":{
      "created_at": "2012-10-01T00:00:00-09:00",
      "role_description": 2,
      "organization": 2,
      "user": 7
    },
    "model": "saas.Role", "pk": 9
},
{
    "fields": {
      "date_joined": "2017-01-01T00:00:00-00:00",
      "email": "abby@localhost.localdomain",
      "first_name": "Abby",
      "last_name": "RoleRequest",
      "is_active": true,
      "is_staff": false,
      "is_superuser": false,
      "last_login": "2017-01-01T00:00:00-00:00",
      "password": "pbkdf2_sha256$10000$z0MBiWn0Rlem$iZdC6uHomlE07qGK/TqfcfxNzKJtFp03c0JILF1frRc=",
      "username": "asmith"
    },
    "model": "auth.User", "pk": 8
},
{
    "fields": {
      "username": "to-be-deleted-2",
      "date_joined": "2014-01-01T00:00:00-00:00",
      "email": "to-be-deleted-2@localhost.localdomain",
      "first_name": "Xia",
      "last_name": "Lee",
      "is_active": true,
      "is_staff": false,
      "is_superuser": false,
      "last_login": "2014-01-01T00:00:00-00:00",
      "password": "pbkdf2_sha256$10000$z0MBiWn0Rlem$iZdC6uHomlE07qGK/TqfcfxNzKJtFp03c0JILF1frRc="
    },
    "model": "auth.User", "pk": 9
},
{
    "fields": {
      "slug": "to-be-deleted-2",
      "full_name": "Subscriber ToBeDeleted",
      "created_at": "2012-09-14T14:16:55-09:00",
      "email": "to-be-deleted-2@localhost.localdomain",
      "phone": "555-555-5555",
      "street_address": "588 Sutter St. #237A",
      "locality":  "San Francisco",
      "region": "CA",
      "postal_code": "94102",
      "country": "US",
      "processor": 1,
      "is_active": 1
    },
    "model": "saas.Organization", "pk": 9
},
{
    "fields": {
      "created_at": "2012-10-01T00:00:00-09:00",
      "role_description": 1,
      "organization": 9,
      "user": 9
    },
    "model": "saas.Role", "pk": 10
},
{
    "fields": {
      "slug": "tennis-club",
      "email": "cowork@djaodjin.com",
      "full_name": "Tennis Club of North Beach",
      "created_at": "2012-09-14T14:16:55-09:00",
      "processor": 1,
      "is_provider": 1,
      "is_active": 1
    },
    "model": "saas.Organization", "pk": 13
},
{
    "fields": {
      "created_at": "2012-09-14T14:16:55-09:00",
      "role_description": 1,
      "organization": 13,
      "user": 2
    },
    "model": "saas.Role", "pk": 11
},
{
    "fields": {
      "slug": "dibaggio-parents",
      "email": "cowork@djaodjin.com",
      "full_name": "Di Baggio Middle School Parents Association",
      "created_at": "2012-09-14T14:16:55-09:00",
      "processor": 1,
      "is_provider": 1,
      "is_active": 1
    },
    "model": "saas.Organization", "pk": 12
},
{
    "fields":{
        "slug":"standard",
        "title":"Di Baggio Middle School Parents Association",
        "created_at":"2013-11-01T00:00:00-09:00",
        "setup_amount":0,
        "period_amount":18900,
        "broker_fee_percent": 0,
        "period_type": 5,
        "advance_discount": 0,
        "description": "",
        "organization": 12,
        "is_active": 1
    },
    "model": "saas.Plan", "pk": 12
},
{
    "fields":{
        "slug": "tennis-club",
        "title":"Tennis Club of North Beach",
        "created_at":"2013-11-01T00:00:00-09:00",
        "setup_amount":0,
        "period_amount":18900,
        "broker_fee_percent": 0,
        "period_type": 5,
        "advance_discount": 0,
        "description":"",
        "organization": 13,
        "is_active": 1
    },
    "model": "saas.Plan", "pk": 13
},
{
    "fields":{
        "created_at":"2014-01-01T00:00:00-09:00",
        "user": 4,
        "plan": 1,
        "coupon": 1,
        "recorded": 1
    },
    "model": "saas.CartItem", "pk": 1
},
{
    "fields": {
      "created_at": "2016-08-22T00:00:00+00:00",
      "ends_at": "2020-01-01T00:00:00-09:00",
      "organization": 7,
      "plan": 1
    },
    "model": "saas.subscription", "pk": 7
},
{
    "fields": {
      "created_at": "2016-08-22T00:00:00+00:00",
      "dest_amount": 13800,
      "dest_unit": "usd",
      "dest_account": "Payable",
      "dest_organization": 7,
      "orig_amount": 13800,
      "orig_unit": "usd",
      "orig_account": "Receivable",
      "orig_organization": 2,
      "event_id": "sub_7"
    },
    "model": "saas.transaction", "pk": 1
},
{
    "fields": {
      "created_at": "2016-08-22T00:00:01+00:00",
      "dest_amount": 6900,
      "dest_unit": "usd",
      "dest_account": "Liability",
      "dest_organization": 7,
      "orig_amount": 6900,
      "orig_unit": "usd",
      "orig_account": "Payable",
      "orig_organization": 7,
      "event_id": "sub_7"
    },
    "model": "saas.transaction", "pk": 2
},
{
    "fields": {
      "username": "melissa",
      "date_joined": "2017-12-13T00:00:00+00:00",
      "email": "melissa@localhost.localdomain",
      "first_name": "Melissa",
      "last_name": "Xia",
      "is_active": true,
      "is_staff": false,
      "is_superuser": false,
      "last_login": "2017-12-13T00:00:00+00:00",
      "password": "pbkdf2_sha256$10000$z0MBiWn0Rlem$iZdC6uHomlE07qGK/TqfcfxNzKJtFp03c0JILF1frRc="
    },
    "model": "auth.User", "pk": 11
},
{
    "fields": {
      "last_signed": "2014-01-01T00:00:00-00:00",
      "agreement": 1,
      "user": 11
    },
    "model": "saas.signature", "pk": 11
},
{
    "fields": {
      "created_at": "2019-01-01T00:00:00-09:00",
      "role_description": null,
      "organization": 2,
      "user": 8,
      "request_key": "a00000d0a0d00001234567890123456789012345"
    },
    "model": "saas.Role", "pk": 12
},
{
    "fields": {
      "date_joined": "2019-01-01T00:00:00-00:00",
      "email": "brett@localhost.localdomain",
      "first_name": "Brett",
      "last_name": "Invited",
      "is_active": true,
      "is_staff": false,
      "is_superuser": false,
      "password": "pbkdf2_sha256$10000$z0MBiWn0Rlem$iZdC6uHomlE07qGK/TqfcfxNzKJtFp03c0JILF1frRc=",
      "username": "brett"
    },
    "model": "auth.User", "pk": 13
},
{
    "fields": {
      "last_signed": "2019-01-01T00:00:00-00:00",
      "agreement": 1,
      "user": 13
    },
    "model": "saas.signature", "pk": 13
},
{
    "fields": {
      "created_at": "2019-01-01T00:00:00-00:00",
      "role_description": 1,
      "organization": 2,
      "user": 13,
      "grant_key": "b0e0000000ed0123456789012345678901234578"
    },
    "model": "saas.Role", "pk": 13
},
{
    "fields": {
      "created_at": "2019-01-01T00:00:00-00:00",
      "role_description": 1,
      "organization": 4,
      "user": 13
    },
    "model": "saas.Role", "pk": 14
},
{
    "fields": {
      "created_at": "2019-01-01T00:00:00-00:00",
      "organization": 5,
      "user": 13,
      "request_key": "b0e000e00e0001234567890123456789012345"
    },
    "model": "saas.Role", "pk": 15
},
{
    "fields": {
      "created_at": "2019-01-01T00:00:00-00:00",
      "role_description": 1,
      "organization": 6,
      "user": 13,
      "request_key": "1234567890123456789012345b0e000e00e000"
    },
    "model": "saas.Role", "pk": 16
},
{
    "fields": {
      "date_joined": "2019-01-01T00:00:00-00:00",
      "email": "joey@localhost.localdomain",
      "first_name": "Joey",
      "last_name": "create profile on subscription",
      "is_active": true,
      "is_staff": false,
      "is_superuser": false,
      "password": "pbkdf2_sha256$10000$z0MBiWn0Rlem$iZdC6uHomlE07qGK/TqfcfxNzKJtFp03c0JILF1frRc=",
      "username": "joey"
    },
    "model": "auth.User", "pk": 14
},
{
    "fields": {
      "last_signed": "2019-01-01T00:00:00-00:00",
      "agreement": 1,
      "user": 14
    },
    "model": "saas.signature", "pk": 14
},

{
    "fields": {
      "slug": "stephanie2",
      "full_name": "Stephanie DuJardin",
      "created_at": "2019-01-01T00:00:00-09:00",
      "email": "stephanie2@localhost.localdomain",
      "phone": "555-555-5555",
      "street_address": "350 Bay St.",
      "locality":  "San Francisco",
      "region": "CA",
      "postal_code": "94133",
      "country": "US",
      "processor": 1,
      "is_active": 1,
      "extra": "saas-subscribe: Card 2"
    },
    "model": "saas.Organization", "pk": 17
},
{
    "fields": {
      "date_joined": "2019-01-01T00:00:00-09:00",
      "email": "stephanie2@localhost.localdomain",
      "first_name": "Stephanie",
      "last_name": "DuJardin",
      "password": "pbkdf2_sha256$10000$z0MBiWn0Rlem$iZdC6uHomlE07qGK/TqfcfxNzKJtFp03c0JILF1frRc=", 
      "username": "stephanie2"
    },
    "model": "auth.User", "pk": 17
},
{
    "fields": {
      "last_signed": "2019-01-01T00:00:00-09:00",
      "agreement": 1,
      "user": 17
    },
    "model": "saas.signature", "pk": 17
},
{
    "fields": {
      "created_at": "2019-01-01T00:00:00-09:00",
      "role_description": 1,
      "organization": 17,
      "user": 17
    },
    "model": "saas.Role", "pk": 17
},
{
    "fields": {
      "created_at": "2019-01-01T00:00:00-09:00",
      "ends_at": "2020-01-01T00:00:00-09:00",
      "organization": 17,
      "plan": 3
    },
    "model": "saas.subscription", "pk": 17
},

{
    "fields": {
      "slug": "stephanie3",
      "full_name": "Stephanie DuJardin",
      "created_at": "2019-01-01T00:00:00-09:00",
      "email": "stephanie3@localhost.localdomain",
      "phone": "555-555-5555",
      "street_address": "350 Bay St.",
      "locality":  "San Francisco",
      "region": "CA",
      "postal_code": "94133",
      "country": "US",
      "processor": 1,
      "is_active": 1,
      "extra": "saas-subscribe: Card 3"
    },
    "model": "saas.Organization", "pk": 18
},
{
    "fields": {
      "date_joined": "2019-01-01T00:00:00-09:00",
      "email": "stephanie3@localhost.localdomain",
      "first_name": "Stephanie",
      "last_name": "DuJardin",
      "password": "pbkdf2_sha256$10000$z0MBiWn0Rlem$iZdC6uHomlE07qGK/TqfcfxNzKJtFp03c0JILF1frRc=", 
      "username": "stephanie3"
    },
    "model": "auth.User", "pk": 18
},
{
    "fields": {
      "last_signed": "2019-01-01T00:00:00-09:00",
      "agreement": 1,
      "user": 18
    },
    "model": "saas.signature", "pk": 18
},
{
    "fields": {
      "created_at": "2019-01-01T00:00:00-09:00",
      "role_description": 1,
      "organization": 18,
      "user": 18
    },
    "model": "saas.Role", "pk": 18
},
{
    "fields": {
      "created_at": "2019-01-01T00:00:00-09:00",
      "ends_at": "2020-01-01T00:00:00-09:00",
      "organization": 18,
      "plan": 3,
      "extra": ""
    },
    "model": "saas.subscription", "pk": 18
},
{
    "fields": {
      "created_at": "2019-01-01T00:00:00-09:00",
      "ends_at": "2020-01-01T00:00:00-09:00",
      "organization": 18,
      "plan": 3,
      "extra": "bogus duplicate subscription"
    },
    "model": "saas.subscription", "pk": 19
}
]
